EPOCH #,EQ Loss,IC Loss,BC Loss,Total Loss
0,2.6153293,0.017397333,0.28587565,2.9186022
