EPOCH #,EQ Loss,IC Loss,BC Loss,Total Loss
0,8.1149845,0.19519591,1.2335405,9.543721
