EPOCH #,EQ Loss,IC Loss,BC Loss,Total Loss
0,2.0579896,0.02298965,0.30939555,2.390375
