EPOCH #,EQ Loss,IC Loss,BC Loss,Total Loss
0,3.879839,0.04923529,0.61430436,4.543379
